{
  "product": {
    "precision": 1.0,
    "recall": 0.25,
    "f1-score": 0.4,
    "support": 4,
    "confused_with": {}
  },
  "brand": {
    "precision": 1.0,
    "recall": 0.21428571428571427,
    "f1-score": 0.35294117647058826,
    "support": 14,
    "confused_with": {}
  },
  "micro avg": {
    "precision": 1.0,
    "recall": 0.2222222222222222,
    "f1-score": 0.3636363636363636,
    "support": 18
  },
  "macro avg": {
    "precision": 1.0,
    "recall": 0.23214285714285715,
    "f1-score": 0.3764705882352941,
    "support": 18
  },
  "weighted avg": {
    "precision": 1.0,
    "recall": 0.2222222222222222,
    "f1-score": 0.3633986928104575,
    "support": 18
  }
}