{
  "product": {
    "precision": 1.0,
    "recall": 1.0,
    "f1-score": 1.0,
    "support": 14,
    "confused_with": {}
  },
  "category": {
    "precision": 1.0,
    "recall": 1.0,
    "f1-score": 1.0,
    "support": 3,
    "confused_with": {}
  },
  "date_time": {
    "precision": 1.0,
    "recall": 1.0,
    "f1-score": 1.0,
    "support": 4,
    "confused_with": {}
  },
  "brand": {
    "precision": 1.0,
    "recall": 0.8333333333333334,
    "f1-score": 0.9090909090909091,
    "support": 18,
    "confused_with": {}
  },
  "micro avg": {
    "precision": 1.0,
    "recall": 0.9230769230769231,
    "f1-score": 0.9600000000000001,
    "support": 39
  },
  "macro avg": {
    "precision": 1.0,
    "recall": 0.9583333333333334,
    "f1-score": 0.9772727272727273,
    "support": 39
  },
  "weighted avg": {
    "precision": 1.0,
    "recall": 0.9230769230769231,
    "f1-score": 0.9580419580419579,
    "support": 39
  }
}